﻿create database QLSV2
go

use QLSV2
go

--TaiKhoan
--SinhVien
--GiangVien
--LopHanhChinh
--LopTinchi
--MonHoc
--Khoa


create table Khoa(
	maKhoa varchar(5) primary key,
	tenKhoa nvarchar(100) not null,
	namThanhLap date not null,
	soDienThoai nvarchar(10) not null
)

go

create table MonHoc(
	maMonHoc varchar(5) primary key,
	tenMonHoc nvarchar(100) not null,
	sotinChi int not null,
	maKhoa varchar(5) not null,

	constraint FK_MonHoc_Khoa foreign key (maKhoa) references dbo.Khoa(maKhoa)
)

go

create table GiangVien(
	maGiangVien varchar(5) primary key,
	tenGiangVien nvarchar(100) not null,
	ngaySinh date not null,
	gioiTinh int not null, --0 là nam, 1 là nữ
	diaChi nvarchar(100) not null,
	soDienThoai nvarchar(10) not null,
	email varchar(100) not null,
	hocVi int not null, --0: Cử nhân, 1: ThS, 2: TS
	maKhoa varchar(5) not null,

	constraint FK_GiangVien_Khoa foreign key (maKhoa) references dbo.Khoa(maKhoa),
)

go


create table LopHanhChinh(
	maLopHanhchinh varchar(10) primary key,
	--Ê t thêm cái tên lớp z được hok
	tenLopHanhchinh nvarchar(100) not null,
	maGiaoVienChuNhiem varchar(5) not null,
	maKhoa varchar(5) not null, 
	namHoc date not null,

	constraint FK_LopHanhChinh_Khoa foreign key (maKhoa) references dbo.Khoa(maKhoa),
	constraint FK_LopHanhChinh_GiangVien foreign key (maGiaoVienChuNhiem) references dbo.GiangVien(maGiangVien)
)

go

create table LopHocPhan(
	maLopHocPhan varchar(10) primary key,
	maMonHoc varchar(5) not null,
	maGiangVien varchar(5) not null,
	hocKy int not null, -- chỉ có học kỳ 1 và học kỳ 2
	namHoc date not null,

	constraint FK_LopTinChi_MonHoc foreign key (maMonHoc) references dbo.MonHoc(maMonHoc),
	constraint FK_LopTinChi_GiangVien foreign key (maGiangVien) references dbo.GiangVien(maGiangVien)
)
go

create table SinhVien(
	maSinhVien varchar(15) primary key,
	tenSinhVien nvarchar(100) not null,
	ngaySinh date not null,
	gioiTinh int not null, --0 là nam, 1 là nữ
	diaChi nvarchar(100) not null,
	soDienThoai nvarchar(10) not null,
	email varchar(100) not null,
	maLopHanhChinh varchar(10) not null,

	constraint FK_SinhVien_LopHanhChinh foreign key (maLopHanhChinh) references dbo.LopHanhChinh(maLopHanhChinh),
)
go

create table BangDiem(
	maLopHocPhan varchar(10) not null, 
	maSinhVien varchar(15) not null,
	diemQuaTrinh float,
	diemCuoiKy float,
	diemTongKet float,

	constraint PK_BangDiem PRIMARY KEY (maLopHocPhan, maSinhVien),
	constraint FK_BangDiem_LopTinChi foreign key (maLopHocPhan) references dbo.LopHocPhan(maLopHocPhan),
	constraint FK_BangDiem_SinhVien foreign key (maSinhVien) references dbo.SinhVien(maSinhVien)
)
go

create table TaiKhoanGiangVien(
	tenDangNhap varchar(100) primary key,
	matKhau varchar(1000) not null default('1'),
	tenHienThi nvarchar(100) not null default(N'Người dùng giảng viên'),
	maGiangVien varchar(5) not null,

	constraint FK_TaiKhoanGiangVien_GiangVien foreign key (maGiangVien) references dbo.GiangVien(maGiangVien)
)
go

create table TaiKhoanAdmin(
	tenDangNhap varchar(100) primary key,
	matKhau varchar(1000) not null default('1'),
	tenHienThi nvarchar(100) not null default(N'Người dùng Admin'),
)

create table TaiKhoanNhanVienQuanTri(
	tenDangNhap varchar(100) primary key,
	matKhau varchar(1000) not null default('1'),
	tenHienThi nvarchar(100) not null default(N'Người dùng nhân viên quản trị'),
)


---Dữ liệu

--Table Khoa
INSERT INTO Khoa (maKhoa, tenKhoa, namThanhLap, soDienThoai)
VALUES 
    ('SOM', N'Quản trị', '1990-02-08', '0943823159'),
    ('KQM', N'Kinh doanh quốc tế - Marketing', '1976-06-15', '0987654321'),
    ('SOF', N'Tài chính', '2005-03-10', '0912345678'),
    ('SOB', N'Ngân hàng', '2015-07-01', '0908765432'),
    ('SOT', N'Du lịch', '2005-03-10', '0932123456'),
	('SOE', N'Kinh tế', '1993-03-20', '0998675233'),
    ('TCC', N'Tài chính công', '1976-12-20', '0956865432'),
    ('SOL', N'Luật', '2008-01-25', '0938989456'),
	('QLNN', N'Quản lý nhà nước', '2014-02-27', '0913475678'),
    ('NN', N'Ngoại ngữ', '2014-09-05', '0967935432');

---Table Môn học
INSERT INTO MonHoc (maMonHoc, tenMonHoc, sotinChi, maKhoa)
VALUES
	('M01', N'Thẩm định dự án', 3,'SOM'),
    ('M02', N'Quản trị học', 3, 'SOM'),
	('M03', N'Quản trị sự thay đổi', 3, 'SOM'),
	('M04', N'Marketing căn bản', 3, 'KQM'),
    ('M05', N'Tiếp thị số', 3, 'KQM'),
	('M06', N'Quản trị tài chính công ty đa quốc gia', 3, 'KQM'),
    ('M07', N'Quản trị xuất nhập khẩu', 3, 'KQM'),
	('M08', N'Tài chính doanh nghiệp', 3, 'SOF'),
    ('M09', N'Quản trị tài chính', 3, 'SOF'),
	('M10', N'Nhập môn phân loại thuế quan', 3, 'SOF'),
    ('M11', N'Core Banking', 3, 'SOB'),
    ('M12', N'Ngân hàng thương mại', 3, 'SOB'),
    ('M13', N'Ngân hàng đầu tư', 3, 'SOB'),
    ('M14', N'Hoạch định tài chính cá nhân', 3, 'SOB'),
    ('M15', N'Quản trị ngân hàng', 3, 'SOB'),
	('M16', N'Du lịch văn hóa', 3, 'SOT'),
    ('M17', N'Kỹ năng hướng dẫn du lịch', 3, 'SOT'),
    ('M18', N'Địa lý du lịch', 3, 'SOT'),
    ('M19', N'Văn học Việt Nam', 3, 'SOT'),
    ('M20', N'Kỹ năng truyền đạt', 3, 'SOT'),
	('M21', N'Kinh tế vi mô', 3, 'SOE'),
	('M22', N'Kinh tế vĩ mô', 3, 'SOE'),
	('M23', N'Kinh tế công', 3, 'SOE'),
	('M24', N'Kinh tế môi trường', 3, 'SOE'),
	('M25', N'Kinh tế phát triển', 3, 'SOE'),
    ('M26', N'Thống kê tài chính', 3, 'TCC'),
    ('M27', N'Lý thuyết tài chính', 3, 'TCC'),
    ('M28', N'Phân tích tài chính', 3, 'TCC'),
	('M29', N'Luật dân sự', 3, 'SOL'),
    ('M30', N'Luật thương mại', 3, 'SOL'),
    ('M31', N'Luật hình sự', 3, 'SOL'),
	('M32', N'Lịch sử Đảng Cộng Sản Việt Nam', 2, 'QLNN'),
    ('M33', N'Tư tưởng Hồ Chí Minh', 2, 'QLNN'),
    ('M34', N'Triết học Mác-Lênin', 2, 'QLNN'),
	('M35', N'Tiếng Anh cơ bản', 3, 'NN'),
    ('M36', N'Tiếng Anh chuyên ngành', 3, 'NN'),
    ('M37', N'Phiên dịch thương mại', 3, 'NN'),
    ('M38', N'Kỹ năng viết nâng cao', 3, 'NN');

--Table Giảng viên
INSERT INTO GiangVien (maGiangVien, tenGiangVien, ngaySinh, gioiTinh, diaChi, soDienThoai, email, hocVi, maKhoa)
VALUES
    -- Khoa 1: Quản trị
    ('GV001', N'Lê Hoàng An', '1980-05-15', 0, N'123 Lê Lợi, TP.HCM', '0909123456', 'lehoangan@gmail.com', 2, 'SOM'),
    ('GV002', N'Nguyễn Phương Linh', '1985-08-20', 1, N'45 Nguyễn Trãi, Hà Nội', '0918234567', 'nguyenphuonglinh@gmail.com', 1, 'SOM'),
    ('GV003', N'Trần Hữu Đức', '1978-03-12', 0, N'78 Pasteur, Đà Nẵng', '0929345678', 'tranhuuduc@yahoo.com', 2, 'SOM'),
    ('GV004', N'Phạm Thị Lan', '1990-11-05', 1, N'67 Lý Tự Trọng, TP.HCM', '0931234567', 'phamthilan@outlook.com', 1, 'SOM'),
    ('GV005', N'Hoàng Minh Tuấn', '1982-01-25', 0, N'23 Hoàng Hoa Thám, Cần Thơ', '0945678901', 'hoangminhtuan@gmail.com', 2, 'SOM'),

    -- Khoa 2: Kinh doanh quốc tế - Marketing
    ('GV006', N'Nguyễn Thị Thảo', '1993-12-10', 1, N'34 Nguyễn Hữu Thọ, Đà Lạt', '0921234567', 'nguyenthithao@gmail.com', 1, 'KQM'),
    ('GV007', N'Lê Hồng Phúc', '1981-05-22', 0, N'45 Nguyễn Bỉnh Khiêm, Hà Nội', '0917894321', 'lehongphuc@gmail.com', 2, 'KQM'),
    ('GV008', N'Võ Ngọc Mai', '1994-06-19', 1, N'90 Hùng Vương, TP.HCM', '0909876543', 'vongocmai@gmail.com', 0, 'KQM'),
    ('GV009', N'Trần Thanh Tú', '1985-11-15', 0, N'60 Lê Duẩn, Đà Nẵng', '0912346789', 'tranthanhtu@gmail.com', 2, 'KQM'),
    ('GV010', N'Phạm Ngọc Bích', '1990-03-11', 1, N'78 Võ Văn Tần, Hải Phòng', '0924567890', 'phamngocbich@gmail.com', 1, 'KQM'),

    -- Khoa 3: Tài chính
    ('GV011', N'Lý Quốc Đạt', '1987-09-18', 0, N'23 Trần Nhật Duật, Cần Thơ', '0931234987', 'lyquocdat@gmail.com', 2, 'SOF'),
    ('GV012', N'Nguyễn Minh Châu', '1992-11-25', 1, N'67 Phan Chu Trinh, TP.HCM', '0917432901', 'nguyenminhchau@gmail.com', 0, 'SOF'),
    ('GV013', N'Trịnh Hữu Thắng', '1984-01-15', 0, N'89 Phạm Văn Đồng, Nha Trang', '0923892045', 'trinhhuuthang@gmail.com', 1, 'SOF'),
    ('GV014', N'Võ Minh Trí', '1990-10-12', 0, N'45 Nguyễn Chí Thanh, Đà Nẵng', '0901234789', 'vominhtri@gmail.com', 1, 'SOF'),
    ('GV015', N'Trần Ngọc Hoa', '1994-07-10', 1, N'34 Lê Lợi, Huế', '0918456372', 'tranngochhoa@gmail.com', 0, 'SOF'),

    -- Khoa 4: Ngân hàng
    ('GV016', N'Ngô Hoàng Phong', '1989-09-09', 0, N'45 Trần Phú, Hải Phòng', '0934567898', 'ngohoangphong@gmail.com', 2, 'SOB'),
    ('GV017', N'Nguyễn Thu Hương', '1993-12-14', 1, N'60 Võ Văn Kiệt, Đà Lạt', '0923746578', 'nguyenthuhuong@gmail.com', 1, 'SOB'),
    ('GV018', N'Hoàng Thị Yến', '1991-06-25', 1, N'34 Nguyễn Hữu Thọ, Cần Thơ', '0918475632', 'hoangthiyen@gmail.com', 0, 'SOB'),
    ('GV019', N'Trần Văn Hải', '1983-05-18', 0, N'67 Phạm Ngọc Thạch, Đà Nẵng', '0923876543', 'tranvanhai@gmail.com', 2, 'SOB'),
    ('GV020', N'Lý Thị Thanh', '1992-01-12', 1, N'45 Lý Nam Đế, Hà Nội', '0901234657', 'lythithanh@gmail.com', 0, 'SOB'),

	-- Khoa 5: Du lịch
    ('GV021', N'Võ Quang Huy', '1983-09-18', 0, N'9 Lê Quý Đôn, Hải Phòng', '0923123456', 'voquanghuy@gmail.com', 2, 'SOT'),
    ('GV022', N'Doãn Thị Mai', '1991-06-23', 1, N'34 Phạm Ngọc Thạch, Đà Lạt', '0934567890', 'doanthimai@gmail.com', 0, 'SOT'),
    ('GV023', N'Nguyễn Thanh Hương', '1992-03-15', 1, N'67 Nguyễn Thị Minh Khai, TP.HCM', '0909876543', 'nguyenthanhhuong@gmail.com', 0, 'SOT'),
    ('GV024', N'Đỗ Quốc Cường', '1975-12-11', 0, N'21 Trần Hưng Đạo, Nha Trang', '0918765432', 'doquoccuong@gmail.com', 2, 'SOT'),
    ('GV025', N'Lê Thị Thanh', '1986-04-07', 1, N'88 Lạc Long Quân, TP.HCM', '0947654321', 'lethithanh@gmail.com', 1, 'SOT'),

 	-- Khoa 6: Kinh tế
	('GV026', N'Vương Hồng Ngọc', '1993-10-25', 1, N'16 Bùi Thị Xuân, Đà Lạt', '0936789012', 'vuonghongngoc@gmail.com', 0, 'SOE'),
    ('GV027', N'Ngô Quang Long', '1990-02-14', 0, N'75 Võ Văn Tần, Hải Dương', '0927890123', 'ngoquanglong@gmail.com', 2, 'SOE'),
    ('GV028', N'Trần Thị Vân', '1987-09-29', 1, N'42 Nguyễn Văn Linh, Cần Thơ', '0913456789', 'tranthivan@gmail.com', 1, 'SOE'),
    ('GV029', N'Lê Phương Anh', '1994-11-11', 1, N'12 Nguyễn Hữu Thọ, Đà Nẵng', '0923456789', 'lephuonganh@gmail.com', 0, 'SOE'),
    ('GV030', N'Tô Văn Tùng', '1981-06-03', 0, N'23 Hùng Vương, Hà Nội', '0912340987', 'tovantung@gmail.com', 2, 'SOE'),

	-- Khoa 7 : Tài chính công
    ('GV031', N'Hồ Thị Mỹ Linh', '1986-07-17', 1, N'35 Lý Nam Đế, TP.HCM', '0901234567', 'hothimylinh@gmail.com', 1, 'TCC'),
    ('GV032', N'Phạm Thùy Trang', '1995-01-04', 1, N'78 Trần Nhật Duật, Nha Trang', '0924012345', 'phamthuytrang@gmail.com', 0, 'TCC'),
    ('GV033', N'Nguyễn Thị Hạnh', '1984-03-18', 1, N'90 Phan Đình Phùng, Đà Nẵng', '0919876543', 'nguyenthihanh@gmail.com', 1, 'TCC'),
    ('GV034', N'Ngô Hồng Phúc', '1980-12-25', 0, N'12 Nguyễn Văn Cừ, TP.HCM', '0918456798', 'ngohongphuc@gmail.com', 2, 'TCC'),
   
	-- Khoa 8 : Luật
	('GV035', N'Lý Hoàng Yến', '1989-01-01', 1, N'90 Trần Phú, Cần Thơ', '0917456732', 'lyhoangyen@gmail.com', 1,'SOL'),
    ('GV036', N'Trần Tuấn Kiệt', '1981-03-11', 0, N'120 Lê Hồng Phong, Đà Nẵng', '0934657821', 'trantuankiet@gmail.com', 2, 'SOL'),
    ('GV037', N'Nguyễn Thùy Dung', '1992-02-22', 1, N'56 Hòa Bình, Huế', '0906547832', 'nguyenthuydung@gmail.com', 1, 'SOL'),
    ('GV038', N'Phan Văn Hoàng', '1994-07-09', 0, N'67 Nguyễn Bỉnh Khiêm, Hải Phòng', '0938456732', 'phanvanhoang@gmail.com', 0, 'SOL'),
    ('GV039', N'Võ Ngọc Trâm', '1990-06-15', 1, N'43 Nguyễn Huệ, TP.HCM', '0918456732', 'vongoctram@gmail.com', 0, 'SOL'),

	-- Khoa 9 : Quản lý nhà nước
    ('GV040', N'Tôn Nữ Ngọc Hà', '1993-05-30', 1, N'98 Lý Chiêu Hoàng, Đà Lạt', '0917456789', 'tonnungocha@gmail.com', 1,'QLNN'),
    ('GV041', N'Huỳnh Thanh Sơn', '1987-09-21', 0, N'65 Lê Thị Hồng Gấm, Đà Nẵng', '0923456787', 'huynhthanjson@gmail.com', 1, 'QLNN'),
    ('GV042', N'Phạm Ngọc Quỳnh', '1992-08-11', 1, N'45 Nguyễn Hữu Huân, TP.HCM', '0918456342', 'phamngocquynh@gmail.com', 1, 'QLNN'),
    ('GV043', N'Lê Thị Quỳnh Như', '1992-12-10', 1, N'15 Nguyễn Văn Trỗi, TP.HCM', '0956782142', 'ltquynhnhu@gmail.com', 1, 'QLNN'),
    ('GV044', N'Phạm Thị Tâm Thanh', '1993-08-10', 1, N'1002 Tạ Quang Bửu, TP.HCM', '0978594612', 'ptthanh@gmail.com', 1, 'QLNN'),

	-- Khoa 10 : Ngoại ngữ
	('GV045', N'Nguyễn Văn An', '1980-01-01', 0, N'18 Hàng Trống, Hà Nội', '0987654321', 'an_nguyen@example.com', 1, 'NN'),
	('GV046', N'Trần Thị Bình', '1985-02-15', 1, N'112 Phạm Hùng, Hồ Chí Minh', '0987654322', 'binh_tran@example.com', 2, 'NN'),
	('GV047', N'Lê Văn Cường', '1978-03-20', 0, N'29 Cẩm Phả, Đà Nẵng', '0987654323', 'cuong_le@example.com', 2, 'NN'),
	('GV048', N'Phạm Thị Duyên', '1990-04-05', 1, N'12 Lê Thị Riêng, Hải Phòng', '0987654324', 'duyen_pham@example.com', 1, 'NN');
  
--Table Lớp hành chính
INSERT INTO LopHanhChinh (maLopHanhChinh, tenLopHanhChinh, maGiaoVienChuNhiem, maKhoa, namHoc)
VALUES
('22AD001', N'Quản trị', 'GV001', 'SOM', '2022-09-01'),
('22AV001', N'Tiếng Anh thương mại', 'GV046', 'NN', '2022-09-01'),
('22AV002', N'Tiếng Anh thương mại', 'GV047', 'NN', '2022-09-01'),
('22AV003', N'Tiếng Anh thương mại', 'GV048', 'NN', '2022-09-01'),
('22CL001', N'Quản trị chất lượng', 'GV004', 'SOM', '2022-09-01'),
('22CT001', N'Kinh tế chính trị', 'GV040', 'QLNN', '2022-09-01'),
('22CT002', N'Kinh tế chính trị', 'GV041', 'QLNN', '2022-09-01'),
('22DL001', N'Quản trị du lịch và lữ hàng', 'GV021', 'SOT', '2022-09-01'),
('22DL002', N'Quản trị du lịch và lữ hàng', 'GV022', 'SOT', '2022-09-01'),
('22EC001', N'Kinh tế học', 'GV026', 'SOE', '2022-09-01'),
('22EC002', N'Kinh tế học', 'GV027', 'SOE', '2022-09-01'),
('22FN001', N'Tài chính', 'GV012', 'SOF', '2022-09-01'),
('22HQ001', N'Hải quan - Ngoại thương', 'GV031', 'TCC', '2022-09-01'),
('22IB001', N'Kinh doanh quốc tế', 'GV006', 'KQM', '2022-09-01'),
('22LKD01', N'Luật kinh doanh', 'GV036', 'SOL', '2022-09-01'),
('22LKD02', N'Luật kinh doanh', 'GV037', 'SOL', '2022-09-01'),
('22NH001', N'Ngân hàng', 'GV018', 'SOB', '2022-09-01'),
('22NH002', N'Ngân hàng', 'GV019', 'SOB', '2022-09-01'),
('22SC001', N'Logistic', 'GV007', 'KQM', '2022-09-01'),
('23AD001', N'Quản trị', 'GV003', 'SOM', '2023-09-01'),
('23AV001', N'Tiếng Anh thương mại', 'GV045', 'NN', '2023-09-01'),
('23CL001', N'Quản trị chất lượng', 'GV005', 'SOM', '2023-09-01'),
('23CL002', N'Quản trị chất lượng', 'GV002', 'SOM', '2023-09-01'),
('23CT001', N'Kinh tế chính trị', 'GV044', 'QLNN', '2023-09-01'),
('23DL001', N'Quản trị du lịch và lữ hàng', 'GV024', 'SOT', '2023-09-01'),
('23DL002', N'Quản trị du lịch và lữ hàng', 'GV025', 'SOT', '2023-09-01'),
('23EC001', N'Kinh tế học', 'GV030', 'SOE', '2023-09-01'),
('23FN001', N'Tài chính', 'GV014', 'SOF', '2023-09-01'),
('23FN002', N'Tài chính', 'GV015', 'SOF', '2023-09-01'),
('23HQ001', N'Hải quan - Ngoại thương', 'GV033', 'TCC', '2023-09-01'),
('23HQ002', N'Hải quan - Ngoại thương', 'GV034', 'TCC', '2023-09-01'),
('23IB001', N'Kinh doanh quốc tế', 'GV008', 'KQM', '2023-09-01'),
('23LKD01', N'Luật kinh doanh', 'GV038', 'SOL', '2023-09-01'),
('23LKD02', N'Luật kinh doanh', 'GV039', 'SOL', '2023-09-01'),
('23NH001', N'Ngân hàng', 'GV020', 'SOB', '2023-09-01'),
('23SC001', N'Logistic', 'GV009', 'KQM', '2023-09-01'),
('23SC002', N'Logistic', 'GV010', 'KQM', '2023-09-01');

--Table Học phần
INSERT INTO LopHocPhan (maLopHocPhan, maMonHoc, maGiangVien, hocKy, namHoc)
VALUES
('22HK2HP001', 'M21', 'GV026', 2, '2022-09-01'),
('22HK2HP002', 'M21', 'GV027', 2, '2022-09-01'),
('22HK2HP003', 'M21', 'GV028', 2, '2022-09-01'),
('22HK2HP004', 'M21', 'GV029', 2, '2022-09-01'),
('22HK2HP005', 'M21', 'GV030', 2, '2022-09-01'),
('22HK2HP006', 'M03', 'GV002', 2, '2022-09-01'),
('22HK2HP007', 'M01', 'GV003', 2, '2022-09-01'),
('22HK2HP008', 'M04', 'GV007', 2, '2022-09-01'),
('22HK2HP009', 'M08', 'GV011', 2, '2022-09-01'),
('22HK2HP010', 'M08', 'GV015', 2, '2022-09-01'),
('22HK2HP011', 'M13', 'GV017', 2, '2022-09-01'),
('22HK2HP012', 'M11', 'GV019', 2, '2022-09-01'),
('22HK2HP013', 'M16', 'GV022', 2, '2022-09-01'),
('22HK2HP014', 'M17', 'GV023', 2, '2022-09-01'),
('22HK2HP015', 'M28', 'GV032', 2, '2022-09-01'),
('22HK2HP016', 'M30', 'GV036', 2, '2022-09-01'),
('22HK2HP017', 'M31', 'GV037', 2, '2022-09-01'),
('22HK2HP018', 'M32', 'GV040', 2, '2022-09-01'),
('22HK2HP019', 'M33', 'GV041', 2, '2022-09-01'),
('22HK2HP020', 'M34', 'GV042', 2, '2022-09-01'),
('22HK2HP021', 'M35', 'GV048', 2, '2022-09-01'),
('23HK1HP001', 'M02', 'GV001', 1, '2023-01-01'),
('23HK1HP002', 'M02', 'GV004', 1, '2023-01-01'),
('23HK1HP003', 'M02', 'GV005', 1, '2023-01-01'),
('23HK1HP004', 'M05', 'GV006', 1, '2023-01-01'),
('23HK1HP005', 'M05', 'GV008', 1, '2023-01-01'),
('23HK1HP006', 'M05', 'GV009', 1, '2023-01-01'),
('23HK1HP007', 'M09', 'GV012', 1, '2023-01-01'),
('23HK1HP008', 'M14', 'GV016', 1, '2023-01-01'),
('23HK1HP009', 'M15', 'GV018', 1, '2023-01-01'),
('23HK1HP010', 'M22', 'GV026', 1, '2023-01-01'),
('23HK1HP011', 'M22', 'GV027', 1, '2023-01-01'),
('23HK1HP012', 'M22', 'GV028', 1, '2023-01-01'),
('23HK1HP013', 'M22', 'GV029', 1, '2023-01-01'),
('23HK1HP014', 'M22', 'GV030', 1, '2023-01-01'),
('23HK1HP015', 'M22', 'GV026', 1, '2023-01-01'),
('23HK1HP016', 'M22', 'GV027', 1, '2023-01-01'),
('23HK1HP017', 'M22', 'GV028', 1, '2023-01-01'),
('23HK1HP018', 'M22', 'GV029', 1, '2023-01-01'),
('23HK1HP019', 'M22', 'GV030', 1, '2023-01-01'),
('23HK1HP020', 'M24', 'GV029', 1, '2023-01-01'),
('23HK1HP021', 'M25', 'GV029', 1, '2023-01-01'),
('23HK1HP022', 'M29', 'GV038', 1, '2023-01-01'),
('23HK1HP023', 'M29', 'GV039', 1, '2023-01-01'),
('23HK1HP024', 'M29', 'GV038', 1, '2023-01-01'),
('23HK1HP025', 'M29', 'GV039', 1, '2023-01-01'),
('23HK1HP026', 'M36', 'GV045', 1, '2023-01-01'),
('23HK1HP027', 'M37', 'GV046', 1, '2023-01-01'),
('23HK1HP028', 'M21', 'GV027', 1, '2023-01-01'),
('23HK1HP029', 'M21', 'GV028', 1, '2023-01-01'),
('23HK1HP030', 'M21', 'GV026', 1, '2023-01-01'),
('23HK1HP031', 'M08', 'GV011', 1, '2023-01-01'),
('23HK1HP032', 'M08', 'GV014', 1, '2023-01-01'),
('23HK1HP033', 'M08', 'GV013', 1, '2023-01-01'),
('23HK2HP001', 'M06', 'GV010', 2, '2023-09-01'),
('23HK2HP002', 'M06', 'GV010', 2, '2023-09-01'),
('23HK2HP003', 'M06', 'GV010', 2, '2023-09-01'),
('23HK2HP004', 'M07', 'GV007', 2, '2023-09-01'),
('23HK2HP005', 'M07', 'GV008', 2, '2023-09-01'),
('23HK2HP006', 'M10', 'GV013', 2, '2023-09-01'),
('23HK2HP007', 'M12', 'GV020', 2, '2023-09-01'),
('23HK2HP008', 'M18', 'GV021', 2, '2023-09-01'),
('23HK2HP009', 'M19', 'GV024', 2, '2023-09-01'),
('23HK2HP010', 'M20', 'GV025', 2, '2023-09-01'),
('23HK2HP011', 'M23', 'GV026', 2, '2023-09-01'),
('23HK2HP012', 'M26', 'GV033', 2, '2023-09-01'),
('23HK2HP013', 'M27', 'GV035', 2, '2023-09-01'),
('23HK2HP014', 'M32', 'GV043', 2, '2023-09-01'),
('23HK2HP015', 'M34', 'GV044', 2, '2023-09-01'),
('23HK2HP016', 'M38', 'GV047', 2, '2023-09-01'),
('23HK2HP017', 'M38', 'GV047', 2, '2023-09-01'),
('23HK2HP018', 'M26', 'GV034', 2, '2023-09-01'),
('23HK2HP019', 'M26', 'GV031', 2, '2023-09-01'),
('23HK2HP020', 'M18', 'GV021', 2, '2023-09-01'),
('23HK2HP021', 'M18', 'GV024', 2, '2023-09-01');

--Table Sinh viên
INSERT INTO SinhVien (maSinhVien, tenSinhVien, ngaySinh, gioiTinh, diaChi, soDienThoai, email, maLopHanhChinh)
VALUES
('31221025372', N'Phạm Hoàng Hưng', '2004-01-03', 0, N'Đồng Nai', '0923412568', 'hung.31221025372@gmail.com', '22AD001'),
('31221021013', N'Nguyễn Thành Nam', '2004-01-12', 0, N'Tiền Giang', '0845678914', 'nam.31221021013@gmail.com', '22NH001'),
('31221023090', N'Nguyễn Đặng Thùy Duyên', '2004-01-22', 1, N'Bình Dương', '0784561234', 'duyen.31221023090@gmail.com', '22AD001'),
('31221023844', N'Hứa Tuấn Đạt', '2004-01-27', 0, N'Kiên Giang', '0923412568', 'dat.31221023844@gmail.com', '22AD001'),
('31221020168', N'Nguyễn Thùy Bảo Vy', '2004-01-27', 1, N'Bình Định', '0784561234', 'vy.31221020168@gmail.com', '22AV001'),
('31221025995', N'Trần Cát Tường', '2004-01-28', 1, N'Đắk Lắk', '0923412568', 'tuong.31221025995@gmail.com', '22AV001'),
('31221020960', N'Lê Phương Anh', '2004-02-02', 1, N'TP. Hồ Chí Minh', '0913567892', 'anh.31221020960@gmail.com', '22NH001'),
('31221023003', N'Vương Quốc Quân', '2004-02-02', 0, N'Đắk Lắk', '0784561234', 'quan.31221023003@gmail.com', '22AV002'),
('31221024725', N'Nguyễn Lê Khả Tú', '2004-02-06', 1, N'Bến Tre', '0923412568', 'tu.31221024725@gmail.com', '22AV002'),
('31221021468', N'Nguyễn Đăng Khôi', '2004-02-09', 0, N'TP. Hồ Chí Minh', '0815678913', 'khoi.31221021468@gmail.com', '22NH001'),
('31221024891', N'Lê Nguyễn Châu Anh', '2004-02-12', 1, N'Quảng Ngãi', '0351234789', 'anh.31221024891@gmail.com', '22AV002'),
('31221022098', N'Vũ Anh Đức', '2004-02-19', 0, N'Bình Dương', '0978234567', 'duc.31221022098@gmail.com', '22AV002'),
('31221024938', N'Hồ Hoàng Yến Nhi', '2004-02-22', 1, N'Đồng Nai', '0334674326', 'nhi.31221024938@gmail.com', '22NH002'),
('31221026108', N'Ngô Bảo Phúc', '2004-02-28', 0, N'Bến Tre', '0702345678', 'phuc.31211026108@gmail.com', '22AV003'),
('31221025728', N'Lương Gia Bảo', '2004-03-01', 0, N'Thanh Hóa', '0947612389', 'bao.31221025728@gmail.com', '22AV003'),
('31221023388', N'Nguyễn Đức Thiện', '2004-03-07', 0, N'Lâm Đồng', '0784561234', 'thien.31221023388@gmail.com', '22AV003'),
('31221026389', N'Hoàng Đức Huân', '2004-03-09', 0, N'Bạc Liêu', '0923412568', 'huan.31221026389@gmail.com', '22AV003'),
('31221021143', N'Võ Yến Nhi', '2004-03-15', 1, N'TP. Hồ Chí Minh', '0884512367', 'nhi.31221021143@gmail.com', '22AV003'),
('31221025676', N'Trịnh Khải Linh', '2004-03-27', 0, N'TP. Hồ Chí Minh', '0841234567', 'linh.31221025676@gmail.com', '22CL001'),
('31221026826', N'Trần Thùy Thanh Thơ', '2004-03-31', 1, N'Đắk Lắk', '0784561234', 'tho.31221026826@gmail.com', '22CL001'),
('31221022088', N'Võ Tấn Phát', '2004-04-07', 0, N'Đồng Nai', '0923412568', 'phat.31221022088@gmail.com', '22CL001'),
('31221026432', N'Nguyễn Ngọc Anh Thư', '2004-04-09', 1, N'Quảng Nam', '0784561234', 'thu.31221026432@gmail.com', '22CL001'),
('31221025137', N'Võ Đức Nghĩa', '2004-04-10', 0, N'TP. Hồ Chí Minh', '0923412568', 'nghia.31221025137@gmail.com', '22CL001'),
('31221025402', N'Phạm Văn Thắng', '2004-04-15', 0, N'Đồng Nai', '0784561234', 'thang.31221025402@gmail.com', '22CT001'),
('31221026575', N'Nguyễn Thành Đại', '2004-04-21', 0, N'TP. Hồ Chí Minh', '0923412568', 'dai.31221026575@gmail.com', '22CT001'),
('31221024581', N'Mai Trinh Nữ', '2004-04-21', 1, N'TP. Hồ Chí Minh', '0784561234', 'nu.31221024581@gmail.com', '22CT001'),
('31221021021', N'Đỗ Minh Nhật', '2004-04-23', 0, N'An Giang', '0923412568', 'nhat.31221021021@gmail.com', '22CT001'),
('31221026586', N'Trịnh Gia Huy', '2004-04-29', 0, N'Đắk Lắk', '0795678123', 'huy.31221026586@gmail.com', '22CT002'),
('31221026943', N'Trần Mai Hoài Thương', '2004-05-02', 1, N'Bạc Liêu', '0784561234', 'thuong.31221026943@gmail.com', '22CT002'),
('31221021461', N'Võ Văn Hiền', '2004-05-03', 0, N'Lâm Đồng', '0923412568', 'hien.31221021461@gmail.com', '22DL001'),
('31221026471', N'Ngũ Khánh Quỳnh', '2004-05-05', 1, N'Bình Định', '0784561234', 'quynh.31221026471@gmail.com', '22DL001'),
('31221023721', N'Nguyễn Thị Mỹ Quỳnh', '2004-05-06', 1, N'TP. Hồ Chí Minh', '0923412568', 'quynh.31221023721@gmail.com', '22SC001'),
('31221027063', N'Trần Đặng Ngọc Ánh', '2004-05-15', 1, N'TP. Hồ Chí Minh', '0934567821', 'anh.31221027063@gmail.com', '22DL002'),
('31221021374', N'Triệu Thị Kim Tuyền', '2004-05-19', 1, N'Bạc Liêu', '0781234569', 'tuyen.31221021374@gmail.com', '22SC001'),
('31221026680', N'Lê Nguyễn Khánh Linh', '2004-05-21', 1, N'Bạc Liêu', '0916712345', 'linh.31221026680@gmail.com', '22DL002'),
('31221024331', N'Mai Thị Trà My', '2004-06-01', 1, N'TP. Hồ Chí Minh', '0974512367', 'my.31221024331@gmail.com', '22NH002'),
('31221023599', N'Huỳnh Mỹ Tiên', '2004-06-09', 1, N'Bình Định', '0925678912', 'tien.31221023599@gmail.com', '22DL002'),
('31221022250', N'Bùi Dương Duy Ngọc', '2004-06-14', 1, N'Quảng Bình', '0761345678', 'ngoc.31221022250@gmail.com', '22EC001'),
('31221020297', N'Võ Phi Hùng Phát', '2004-06-28', 0, N'Thừa Thiên Huế', '0974512367', 'phat.31221020297@gmail.com', '22EC002'),
('31221024490', N'Huỳnh Thiên Ưng', '2004-07-02', 0, N'Đồng Tháp', '0925678912', 'ung.31221024490@gmail.com', '22EC001'),
('31221023518', N'Trần Đỗ Bảo Thư', '2004-07-04', 1, N'An Giang', '0761345678', 'thu.31221023518@gmail.com', '22EC002'),
('31221024524', N'Nguyễn Ngô Hồng Huyền', '2004-07-05', 1, N'Ninh Thuận', '0923412578', 'huyen.31221024524@gmail.com', '22EC001'),
('31221022891', N'Mai Xuân Nhân', '2004-07-06', 0, N'TP. Hồ Chí Minh', '0456789467', 'nhan.31221022891@gmail.com', '22EC002'),
('31221025962', N'Hồ Quốc Thạch', '2004-07-08', 0, N'Đồng Nai', '0974512367', 'thach.31221025962@gmail.com', '22FN001'),
('31221020169', N'Đặng Nguyễn Trâm Anh', '2004-07-11', 1, N'Thanh Hóa', '0925678912', 'anh.31221020169@gmail.com', '22HQ001'),
('31221026937', N'Trần Thị Cẩm Tú', '2004-07-12', 1, N'Đồng Nai', '0761345678', 'tu.31221026937@gmail.com', '22IB001'),
('31221026956', N'Phan Thị Hoài Thương', '2004-07-15', 1, N'Quảng Bình', '0974512367', 'thuong.31221026956@gmail.com', '22FN001'),
('31221025492', N'Nguyễn Thị Anh Thư', '2004-07-16', 1, N'Quảng Trị', '0925678912', 'thu.31221025492@gmail.com', '22HQ001'),
('31221020333', N'Nguyễn Hoàng Minh Đại', '2004-07-17', 0, N'TP. Hồ Chí Minh', '0761345678', 'dai.31221020333@gmail.com', '22IB001'),
('31221023774', N'Trần Phạm Mỹ Duyên', '2004-07-27', 1, N'TP. Hồ Chí Minh', '0896712345', 'duyen.31221023774@gmail.com', '22IB001'),
('31221023925', N'Đoàn Phạm Anh Thư', '2004-08-01', 1, N'Ninh Thuận', '0963456712', 'thu.31221023925@gmail.com', '22IB001'),
('31221025186', N'Nguyễn Vũ Phước', '2004-08-06', 0, N'TP. Hồ Chí Minh', '0387654321', 'phuoc.31221025186@gmail.com', '22IB001'),
('31221022134', N'Lê Chí Nghị', '2004-08-13', 0, N'Tây Ninh', '0797813456', 'nghi.31221022134@gmail.com', '22IB001'),
('31221026271', N'Phạm Bá Đức', '2004-08-23', 0, N'Kiên Giang', '0865123789', 'duc.31221026271@gmail.com', '22LKD01'),
('31221020344', N'Vũ Gia Bảo', '2004-08-28', 0, N'Bình Thuận', '0387654321', 'bao.31211020344@gmail.com', '22LKD02'),
('31221026009', N'Nguyễn Hòa Minh', '2004-09-05', 0, N'Quảng Nam', '0867123456', 'minh.31221026009@gmail.com', '22NH001'),
('31221022474', N'Trịnh Lê Trang Nhung', '2004-09-05', 1, N'Quảng Bình', '0387654321', 'nhung.31221022474@gmail.com', '22NH002'),
('31221026053', N'Hồ Thị Xuân Hoa', '2004-09-14', 1, N'Quảng Trị', '0351234598', 'hoa.31221026053@gmail.com', '22SC001'),
('31221025297', N'Võ Phương Minh', '2004-09-18', 1, N'Quảng Ngãi', '0905678134', 'minh.31221025297@gmail.com', '22LKD01'),
('31221020173', N'Kien Minh Anh', '2004-09-30', 1, N'An Giang', '0765123456', 'anh.31221020173@gmail.com', '22LKD01'),
('31221023041', N'Huỳnh Thúy Quỳnh', '2004-10-03', 1, N'Bình Dương', '0824512367', 'quynh.31221023041@gmail.com', '22LKD01'),
('31221026151', N'Nguyễn Trần Anh Tú', '2004-10-03', 1, N'TP. Hồ Chí Minh', '0895678123', 'tu.31221026151@gmail.com', '22NH002'),
('31221023799', N'Trần Nguyễn Trúc Vy', '2004-10-04', 1, N'TP. Hồ Chí Minh', '0935612347', 'vy.31221023799@gmail.com', '22LKD01'),
('31221025433', N'Đoàn Thị Như Ngọc', '2004-10-07', 1, N'Bình Thuận', '0821234567', 'ngoc.31221025433@gmail.com', '22LKD01'),
('31221021203', N'Đinh Thị Minh Ánh', '2004-10-08', 1, N'Tiền Giang', '0891234567', 'anh.31211021203@gmail.com', '22LKD02'),
('31221026841', N'Nguyễn Thanh Vân Uyên', '2004-10-08', 1, N'Ninh Thuận', '0824512367', 'uyen.31221026841@gmail.com', '22LKD02'),
('31221020838', N'Ninh Gia Hân', '2004-10-13', 1, N'Đồng Nai', '0895678123', 'han.31221020838@gmail.com', '22NH001'),
('31221026285', N'Nguyễn Thúy Hằng', '2004-10-19', 1, N'Đồng Nai', '0935612347', 'hang.31221026285@gmail.com', '22SC001'),
('31221020498', N'Trần Quốc Lộc', '2005-10-25', 0, N'Sóc Trăng', '0935612347', 'loc.31201020498@gmail.com', '23AD001'),
('31221025237', N'Hồ Thị Thu Sa', '2005-10-27', 1, N'An Giang', '0824512367', 'sa.31221025237@gmail.com', '23AD001'),
('31221026320', N'Võ Thiện Nhân', '2005-11-01', 0, N'Bình Định', '0895678123', 'nhan.31221026320@gmail.com', '23AD001'),
('31221025112', N'Bùi Trần Thiên Di', '2005-11-02', 1, N'Bình Thuận', '0935612347', 'di.31211025112@gmail.com', '23AD001'),
('31221024486', N'Nguyễn Thị Hồng Nhung', '2005-11-03', 1, N'Bạc Liêu', '0824512367', 'nhung.31221024486@gmail.com', '23AV001'),
('31221020940', N'Trần Đào Thanh Trúc', '2005-11-04', 1, N'Thừa Thiên Huế', '0895678123', 'truc.31221020940@gmail.com', '23AV001'),
('31221026961', N'Phạm Nguyễn Kim Anh', '2005-11-14', 1, N'Bắc Giang', '0935612347', 'anh.31221026961@gmail.com', '23AV001'),
('31231021072', N'Đặng Quốc Việt', '2005-01-07', 0, N'Khánh Hòa', '0791234567', 'viet.31221021072@gmail.com', '23AV001'),
('31231024747', N'Nguyễn Đình Vũ Duy', '2005-01-13', 0, N'Bình Định', '0984312367', 'duy.31231024747@gmail.com', '23AV001'),
('31231020631', N'Trương Minh Khang', '2005-01-22', 0, N'An Giang', '0984512369', 'khang.31221020631@gmail.com', '23AV001'),
('31231023789', N'Nguyễn Thị Xuân Nhi', '2005-01-30', 1, N'Bạc Liêu', '0369874512', 'nhi.31221023789@gmail.com', '23CL001'),
('31231025054', N'Nguyễn Yến Chi', '2005-02-05', 1, N'Tây Ninh', '0862345781', 'chi.31221025054@gmail.com', '23CL001'),
('31231024213', N'Hà Gia Mẫn', '2005-02-15', 1, N'An Giang', '0896712456', 'man.31221024213@gmail.com', '23CL002'),
('31231022339', N'Nguyễn Thị Mỹ Nhiên', '2005-02-18', 1, N'Thừa Thiên Huế', '0812345679', 'nhien.31221022339@gmail.com', '23CL002'),
('31231022248', N'Nguyễn Phương Hùng', '2005-02-21', 0, N'TP. Hồ Chí Minh', '0385124789', 'hung.31221022248@gmail.com', '23CL002'),
('31231024483', N'Bùi Nguyễn Nhật Huân', '2005-03-03', 0, N'Đồng Nai', '0392345678', 'huan.31221024483@gmail.com', '23CL002'),
('31231022999', N'Vương Tôn Đạt', '2005-03-07', 0, N'Bình Dương', '0956783413', 'dat.31221022999@gmail.com', '23CT001'),
('31231023520', N'Lương Bá Khánh Trình', '2005-03-14', 0, N'TP. Hồ Chí Minh', '0903456781', 'trinh.31221023520@gmail.com', '23CT001'),
('31231023646', N'Lê Bội Ái', '2005-03-20', 1, N'Tiền Giang', '0948576213', 'ai.31221023646@gmail.com', '23CT001'),
('31231026919', N'Hồ Thị Tuyết Ngân', '2005-03-30', 1, N'Bắc Giang', '0765123478', 'ngan.31221026919@gmail.com', '23DL001'),
('31231023738', N'Thái Ngọc Hân', '2005-04-11', 1, N'An Giang', '0941235678', 'han.31221023738@gmail.com', '23DL001'),
('31231026873', N'Ngô Gia Vượng', '2005-04-17', 0, N'Lâm Đồng', '0851234567', 'vuong.31221026873@gmail.com', '23DL001'),
('31231020016', N'Nguyễn Hương Giang', '2005-04-25', 1, N'An Giang', '0791234567', 'giang.31221020016@gmail.com', '23DL002'),
('31231021000', N'Huỳnh Ngọc Linh', '2005-04-28', 1, N'Khánh Hòa', '0883412579', 'linh.31221021000@gmail.com', '23DL002'),
('31231022358', N'Phan Thúy Ngân', '2005-05-27', 1, N'Quảng Trị', '0978562341', 'ngan.31221022358@gmail.com', '23DL002'),
('31231022144', N'Lư Hữu Danh', '2005-06-03', 0, N'Bình Thuận', '0783456781', 'danh.31221022144@gmail.com', '23EC001'),
('31231022742', N'Trương Thị Mỹ Duyên', '2005-06-12', 1, N'TP. Hồ Chí Minh', '0924567891', 'duyen.31221022742@gmail.com', '23FN001'),
('31231024509', N'Nguyễn Minh Thư Kỳ', '2005-06-18', 1, N'Bình Định', '0821234567', 'ky.31221024509@gmail.com', '23FN002'),
('31231024935', N'Nguyễn Thị Thanh Nhàn', '2005-06-21', 1, N'Kiên Giang', '0951234567', 'nhan.31221024935@gmail.com', '23EC001'),
('31231026369', N'Phạm Nguyễn Hiếu Hạnh', '2005-06-25', 1, N'Đồng Nai', '0927813456', 'hanh.31221026369@gmail.com', '23FN001'),
('31231024527', N'Nguyễn Đình Lê Na', '2005-07-02', 1, N'Đà Nẵng', '0783412569', 'na.31221024527@gmail.com', '23FN002'),
('31231024361', N'Bùi Thị Phương Anh', '2005-07-10', 1, N'Sóc Trăng', '0887654321', 'anh.31221024361@gmail.com', '23EC001'),
('31231024553', N'Hoàng Tiến Học', '2005-07-20', 0, N'Quảng Bình', '0846712345', 'hoc.31221024553@gmail.com', '23FN001'),
('31231026918', N'Trần Khánh Hưng', '2005-07-23', 0, N'Lâm Đồng', '0956783412', 'hung.31221026918@gmail.com', '23FN002'),
('31231026512', N'Hoàng Thùy Linh', '2005-08-08', 1, N'Bình Định', '0794512367', 'linh.31221026512@gmail.com', '23HQ001'),
('31231026711', N'Võ Phạm Gia Bảo', '2005-08-15', 0, N'Bắc Giang', '0394512367', 'bao.31221026711@gmail.com', '23HQ002'),
('31231024060', N'Bùi Quốc Phát', '2005-08-20', 0, N'TP. Hồ Chí Minh', '0931234567', 'phat.31221024060@gmail.com', '23IB001'),
('31231022751', N'Nguyễn Minh Hiền', '2005-08-29', 1, N'Đắk Lắk', '0907812345', 'hien.31221022751@gmail.com', '23HQ001'),
('31221023366', N'Nguyễn Hà Phương', '2005-08-30', 1, N'Bình Thuận', '0931234589', 'phuong.31221023366@gmail.com', '23HQ002'),
('31231026847', N'Nguyễn Thu Huyền', '2005-09-02', 1, N'Đồng Tháp', '0951234567', 'huyen.31221026847@gmail.com', '23IB001'),
('31231022314', N'Trương Hoàng Mỹ Duyên', '2005-09-08', 1, N'Bình Định', '0356789123', 'duyen.31221022314@gmail.com', '23IB001'),
('31231025346', N'Hồ Mai Thảo Nguyên', '2005-09-11', 1, N'Đắk Lắk', '0705678123', 'nguyen.31221025346@gmail.com', '23IB001'),
('31231023073', N'Trần Nguyễn Gia Di', '2005-09-18', 1, N'Đắk Lắk', '0845678913', 'di.31221023073@gmail.com', '23IB001'),
('31231020066', N'Nguyễn Anh Tuấn', '2005-09-25', 0, N'Bình Định', '0935678123', 'tuan.31221020066@gmail.com', '23LKD01'),
('31231023277', N'Nguyễn Thành Đạt', '2005-10-03', 0, N'TP. Hồ Chí Minh', '0816723457', 'dat.31221023277@gmail.com', '23LKD02'),
('31231022595', N'Đào Thị Hường', '2005-10-14', 1, N'Bình Thuận', '0971234576', 'huong.31221022595@gmail.com', '23LKD01'),
('31231022112', N'Hoàng Minh Thành', '2005-10-17', 0, N'Tiền Giang', '0843456789', 'thanh.31221022112@gmail.com', '23LKD01'),
('31231021345', N'Bùi Nguyễn Hoàng', '2005-10-23', 0, N'Thừa Thiên Huế', '0823456789', 'hoang.31221021345@gmail.com', '23LKD02'),
('31231025974', N'Nguyễn Mộng Đình', '2005-10-16', 1, N'Đắk Lắk', '0823456789', 'dinh.31221025974@gmail.com', '23LKD01'),
('31231023681', N'Huỳnh Vũ Trang Thùy', '2005-10-29', 1, N'TP. Hồ Chí Minh', '0847654321', 'thuy.31221023681@gmail.com', '23LKD01'),
('31221024795', N'Lê Thị Huyền Trâm', '2005-10-30', 1, N'TP. Hồ Chí Minh', '0845678914', 'tram.31221024795@gmail.com', '23LKD01'),
('31231024932', N'Đinh Bảo Ngọc', '2005-11-02', 1, N'TP. Hồ Chí Minh', '0916712345', 'ngoc.31221024932@gmail.com', '23LKD01'),
('31231026454', N'Lê Bảo Anh', '2005-11-06', 1, N'Đà Nẵng', '0905678123', 'anh.31221026454@gmail.com', '23LKD02'),
('31231026736', N'Huỳnh Thị Ngân Tâm', '2005-11-13', 1, N'Đắk Lắk', '0945678912', 'tam.31221026736@gmail.com', '23LKD02'),
('31231021989', N'Lưu Ngọc Khả Vân', '2005-11-15', 1, N'An Giang', '0824512367', 'van.31221021989@gmail.com', '23NH001'),
('31231025889', N'Lâm Yến Nhi', '2005-11-19', 1, N'Đắk Lắk', '0895678123', 'nhi.31221025889@gmail.com', '23NH001'),
('31231026256', N'Nguyễn Thị Tường Vi', '2005-11-26', 1, N'Cà Mau', '0935612347', 'vi.31221026256@gmail.com', '23NH001'),
('31231024729', N'Tô Nguyễn Ái Nhi', '2005-11-27', 1, N'Lâm Đồng', '0765123478', 'nhi.31221024729@gmail.com', '23NH001'),
('31231026935', N'Vi Võ Khánh Linh', '2005-11-27', 1, N'Lâm Đồng', '0357612345', 'linh.31221026935@gmail.com', '23NH001'),
('31231025212', N'Lê Thị Minh Hương', '2005-11-30', 1, N'TP. Hồ Chí Minh', '0941235678', 'huong.31221025212@gmail.com', '23SC001'),
('31231026036', N'Cao Nguyễn Thùy Dương', '2005-11-30', 1, N'Kiên Giang', '0902345678', 'duong.31221026036@gmail.com', '23SC002'),
('31231026250', N'Đặng Thị Mỹ Linh', '2005-12-01', 1, N'Đắk Lắk', '0851234567', 'linh.31221026250@gmail.com', '23SC001'),
('31231024543', N'Hoàng Trần Quỳnh Như', '2005-12-05', 1, N'Quảng Trị', '0791234567', 'nhu.31221024543@gmail.com', '23SC001'),
('31231024512', N'Nguyễn Thị Thanh Ngân', '2005-12-05', 1, N'Thanh Hóa', '0983456712', 'ngan.31221024512@gmail.com', '23SC001'),
('31231021997', N'Nguyễn Hữu Nhân', '2005-12-08', 0, N'Bình Dương', '0956745782', 'nhan.31221021997@gmail.com', '23SC001'),
('31231025851', N'Nguyễn Trần Thục Quyên', '2005-12-09', 1, N'Kiên Giang', '0765123478', 'quyen.31221025851@gmail.com', '23SC002'),
('31231022775', N'Nguyễn Lê Anh Đào', '2005-12-10', 1, N'Đắk Lắk', '0356789124', 'dao.31221022775@gmail.com', '23SC002'),
('31231023988', N'Lại Trọng Hiếu', '2005-12-11', 0, N'Quảng Nam', '0785612349', 'hieu.31221023988@gmail.com', '23SC002'),
('31231020136', N'Nguyễn Thạch Thiên Phúc', '2005-12-22', 0, N'Đồng Nai', '0765123478', 'phuc.31221020136@gmail.com', '23SC002'),
('31231025283', N'Trần Lê Quốc Hưng', '2005-12-24', 0, N'Thừa Thiên Huế', '0906712345', 'hung.31221025283@gmail.com', '23HQ001'),
('31231022466', N'Nguyễn Ái Xuân', '2005-12-25', 0, N'TP. Hồ Chí Minh', '0941235678', 'xuan.31221022466@gmail.com', '23HQ001'),
('31221026101', N'Đinh Hoàng Yến Nhi', '2005-12-29', 1, N'Đồng Nai', '0784561234', 'nhi.31221026101@gmail.com', '23CL001'),
('31231020817', N'Nguyễn Bùi Duy Anh', '2005-12-29', 0, N'Tây Ninh', '0859674123', 'anh.31221020817@gmail.com', '23CL001'),
('31231025358', N'Võ Nguyễn Quỳnh Linh', '2005-12-31', 1, N'Cà Mau', '0851234567', 'linh.31221025358@gmail.com', '23CL002'),
('31231023107', N'Lê Như Thi', '2005-12-31', 1, N'Đồng Tháp', '0864512379', 'thi.31221023107@gmail.com', '23CL002');

--Table Tài khoản Admin
INSERT INTO TaiKhoanAdmin (tenDangNhap,matKhau,tenHienThi)
VALUES
	('tuilaadmin','1',N'Người dùng Admin');

--Table Tài khoản nhân viên quản trị
INSERT INTO TaiKhoanNhanVienQuanTri
VALUES 
	('nvqt','1',N'Người dùng nhân viên quản trị');

--Table Tài khoản giảng viên
INSERT INTO TaiKhoanGiangVien (tenDangNhap, maGiangVien)
VALUES
	('lehoangan','GV001'),
	('nguyenphuonglinh','GV002'),
	('tranhuuduc','GV003'),
	('phamthilan','GV004'),
	('hoangminhtuan','GV005'),
	('nguyenthithao','GV006'),
	('lehongphuc','GV007'),
	('vongocmai','GV008'),
	('tranthanhtu','GV009'),
	('phamngocbich','GV010'),
	('lyquocdat','GV011'),
	('nguyenminhchau','GV012'),
	('trinhhuuthang','GV013'),
	('vominhtri','GV014'),
	('tranngochoa','GV015'),
	('ngohoangphong','GV016'),
	('nguyenthuhuong','GV017'),
	('hoangthiyen','GV018'),
	('tranvanhai','GV019'),
	('lythithanh','GV020'),
	('voquanghuy','GV021'),
	('doanthimai','GV022'),
	('nguyenthanhhuong','GV023'),
	('doquoccuong','GV024'),
	('lethithanh','GV025'),
	('vuonghongngoc','GV026'),
	('ngoquanglong','GV027'),
	('tranthivan','GV028'),
	('lephuonganh','GV029'),
	('tovantung','GV030'),
	('hothimylinh','GV031'),
	('phamthuytrang','GV032'),
	('nguyenthihanh','GV033'),
	('ngohongphuc','GV034'),
	('lyhoangyen','GV035'),
	('trantuankiet','GV036'),
	('nguyenthuydung','GV037'),
	('phanvanhoang','GV038'),
	('vongoctram','GV039'),
	('tonnungocha','GV040'),
	('huynhthanhson','GV041'),
	('phamngocquynh','GV042'),
	('ltquynhnhu','GV043'),
	('pttthanh','GV044'),
	('ngvanan','GV045'),
	('tranthibinh','GV046'),
	('cuongvanle','GV047'),
	('phamthiduyen','GV048');

--Table Bảng điểm
INSERT INTO BangDiem (maLopHocPhan, maSinhVien,diemQuaTrinh,diemCuoiKy,diemTongKet)
VALUES
	('22HK2HP001', '31221020168', 8.5, 8.5, 8.5),
	('22HK2HP014', '31221020168', 9, 8.5, 8.75),
	('22HK2HP018', '31221020169', 8.5, 8.5, 8.5),
	('22HK2HP006', '31221020173', 8, 8.5, 8.25),
	('22HK2HP013', '31221020297', 8.5, 8.5, 8.5),
	('22HK2HP020', '31221020333', 9, 7.5, 8.25),
	('22HK2HP021', '31221020344', 9, 7.5, 8.25),
	('22HK2HP007', '31221020838', 9, 7.5, 8.25),
	('22HK2HP002', '31221020960', 9.5, 8.5, 9),
	('22HK2HP015', '31221020960', 8, 8, 8),
	('22HK2HP001', '31221021013', 7.5, 8, 7.75),
	('22HK2HP014', '31221021013', 6.5, 8, 7.25),
	('22HK2HP009', '31221021021', 6, 8, 7),
	('22HK2HP004', '31221021143', 8, 8, 8),
	('22HK2HP006', '31221021203', 7, 8, 7.5),
	('22HK2HP011', '31221021374', 7, 8, 7.5),
	('22HK2HP009', '31221021461', 7, 8, 7.5),
	('22HK2HP002', '31221021468', 9, 8.5, 8.75),
	('22HK2HP006', '31221021468', 8, 8.5, 8.25),
	('22HK2HP005', '31221022088', 8, 8.5, 8.25),
	('22HK2HP003', '31221022098', 9, 8.5, 8.75),
	('22HK2HP007', '31221022098', 7.5, 8.5, 8),
	('22HK2HP021', '31221022134', 9, 8.5, 8.75),
	('22HK2HP013', '31221022250', 7.5, 8.5, 8),
	('22HK2HP005', '31221022474', 8, 8.5, 8.25),
	('22HK2HP017', '31221022891', 6.5, 9, 7.75),
	('22HK2HP002', '31221023003', 7, 9, 8),
	('22HK2HP016', '31221023003', 7, 9, 8),
	('22HK2HP007', '31221023041', 7, 9, 8),
	('22HK2HP001', '31221023090', 8, 9, 8.5),
	('22HK2HP014', '31221023090', 9, 9.5, 9.25),
	('22HK2HP004', '31221023388', 9, 9, 9),
	('22HK2HP017', '31221023518', 9.5, 9, 9.25),
	('22HK2HP013', '31221023599', 8, 8, 8),
	('22HK2HP010', '31221023721', 8, 8, 8),
	('22HK2HP020', '31221023774', 8.5, 8, 8.25),
	('22HK2HP005', '31221023799', 8, 8, 8),
	('22HK2HP002', '31221023844', 8.5, 5.5, 7),
	('22HK2HP015', '31221023844', 7.5, 5.5, 6.5),
	('22HK2HP021', '31221023925', 7, 5.5, 6.25),
	('22HK2HP012', '31221024331', 8, 5.5, 6.75),
	('22HK2HP016', '31221024490', 8, 7.5, 7.75),
	('22HK2HP017', '31221024524', 7.5, 7.5, 7.5),
	('22HK2HP008', '31221024581', 7.5, 7.5, 7.5),
	('22HK2HP002', '31221024725', 8, 8.5, 8.25),
	('22HK2HP006', '31221024725', 2, 8.5, 5.25),
	('22HK2HP016', '31221024725', 9, 8.5, 8.75),
	('22HK2HP003', '31221024891', 7.5, 7.5, 7.5),
	('22HK2HP006', '31221024891', 8, 7.5, 7.75),
	('22HK2HP003', '31221024938', 6.5, 7.5, 7),
	('22HK2HP007', '31221024938', 7, 8.5, 7.75),
	('22HK2HP008', '31221025137', 7, 8, 7.5),
	('22HK2HP021', '31221025186', 7, 8, 7.5),
	('22HK2HP006', '31221025297', 8, 8, 8),
	('22HK2HP001', '31221025372', 9, 9, 9),
	('22HK2HP008', '31221025402', 9, 9.5, 9.25),
	('22HK2HP006', '31221025433', 9.5, 9, 9.25),
	('22HK2HP019', '31221025492', 8, 9, 8.5),
	('22HK2HP005', '31221025676', 10, 8, 9),
	('22HK2HP003', '31221025728', 9, 8, 8.5),
	('22HK2HP008', '31221025728', 7.5, 8, 7.75),
	('22HK2HP018', '31221025962', 10, 8, 9),
	('22HK2HP002', '31221025995', 4, 5.5, 4.75),
	('22HK2HP015', '31221025995', 6, 8, 7),
	('22HK2HP005', '31221026009', 10, 8, 9),
	('22HK2HP006', '31221026053', 6.5, 8, 7.25),
	('22HK2HP003', '31221026108', 7, 8, 7.5),
	('22HK2HP007', '31221026108', 7, 8, 7.5),
	('22HK2HP005', '31221026151', 9, 8, 8.5),
	('22HK2HP021', '31221026271', 8.5, 8, 8.25),
	('22HK2HP007', '31221026285', 10, 8.5, 9.25),
	('22HK2HP004', '31221026389', 9, 8.5, 8.75),
	('22HK2HP005', '31221026432', 9, 8.5, 8.75),
	('22HK2HP010', '31221026471', 9.5, 8.5, 9),
	('22HK2HP009', '31221026575', 8, 7.5, 7.75),
	('22HK2HP009', '31221026586', 7.5, 7.5, 7.5),
	('22HK2HP012', '31221026680', 10, 7.5, 8.75),
	('22HK2HP005', '31221026826', 9.5, 8, 8.75),
	('22HK2HP006', '31221026841', 8, 8, 8),
	('22HK2HP018', '31221026937', 7.5, 8, 7.75),
	('22HK2HP009', '31221026943', 9, 8, 8.5),
	('22HK2HP019', '31221026956', 10, 8, 9),
	('22HK2HP011', '31221027063', 8, 8.5, 8.25),
	('23HK1HP001', '31221021013', 8.5, 8.5, 8.5),
	('23HK1HP001', '31221023090', 8, 7.5, 7.75),
	('23HK1HP001',  '31221025372', 9, 8, 8.5),
	('23HK1HP002',  '31221020168', 9, 9, 9),
	('23HK1HP002',  '31221023844', 8.5, 9.5, 9),
	('23HK1HP002', '31221025995', 8.5, 8.5, 8.5),
	('23HK1HP003',  '31221020960', 9, 7.5, 8.25),
	('23HK1HP003',  '31221023003', 5.5, 8, 6.75),
	('23HK1HP004',  '31221021468', 8.5, 9, 8.75),
	('23HK1HP004',  '31221024725', 5.5, 9.5, 7.5),
	('23HK1HP004',  '31221024891', 8.5, 9, 8.75),
	('23HK1HP005',  '31221022098', 7.5, 7, 7.25),
	('23HK1HP005',  '31221024938', 7.5, 8.5, 8),
	('23HK1HP005', '31221026108', 8, 8, 8),
	('23HK1HP006', '31221023388', 8, 4, 6),
	('23HK1HP006', '31221025728', 9, 9, 9),
	('23HK1HP006',  '31221026389', 8.5, 7.5, 8),
	('23HK1HP007',  '31221020168', 8.5, 6.5, 7.5),
	('23HK1HP007', '31221021013', 9, 9, 9),
	('23HK1HP007',  '31221023090', 5.5, 8.5, 7),
	('23HK1HP008',  '31221020960', 8.5, 7.5, 8),
	('23HK1HP008', '31221023844', 5.5, 8, 6.75),
	('23HK1HP008',  '31221025995', 8.5, 9, 8.75),
	('23HK1HP009',  '31221021143', 7.5, 9.5, 8.5),
	('23HK1HP009',  '31221025676', 9, 9, 9),
	('23HK1HP009', '31221026826', 8.5, 7, 7.75),
	('23HK1HP010',  '31221022088', 8.5, 8.5, 8.5),
	('23HK1HP010',  '31221026432', 9, 8, 8.5),
	('23HK1HP011',  '31221024581', 5.5, 4, 4.75),
	('23HK1HP011',  '31221025137', 8.5, 9, 8.75),
	('23HK1HP011',  '31221025402', 5.5, 7.5, 6.5),
	('23HK1HP012',  '31221021021', 8.5, 6.5, 7.5),
	('23HK1HP012',  '31221026575', 7.5, 9, 8.25),
	('23HK1HP012',  '31221026586', 7.5, 7, 7.25),
	('23HK1HP013',  '31221021461', 8, 8, 8),
	('23HK1HP013',  '31221026471', 8, 9, 8.5),
	('23HK1HP013',  '31221026943', 8, 9, 8.5),
	('23HK1HP014', '31221021374', 9, 8, 8.5),
	('23HK1HP014',  '31221023721', 10, 5.5, 7.75),
	('23HK1HP014',  '31221027063', 8, 8, 8),
	('23HK1HP015', '31221023774', 7, 9, 8),
	('23HK1HP015', '31221023925', 8, 7.5, 7.75),
	('23HK1HP015',  '31221026680', 5, 8.5, 6.75),
	('23HK1HP016', '31221022134', 9, 9, 9),
	('23HK1HP016',  '31221025186', 6, 9, 7.5),
	('23HK1HP016',  '31221026271', 6, 7.5, 6.75),
	('23HK1HP017',  '31221020344', 7, 8.5, 7.75),
	('23HK1HP017',  '31221022474', 10, 8, 9),
	('23HK1HP017',  '31221026009', 8, 8, 8),
	('23HK1HP018',  '31221020173', 6, 8, 7),
	('23HK1HP018',  '31221025297', 6, 5.5, 5.75),
	('23HK1HP018', '31221026053', 9, 8, 8.5),
	('23HK1HP019',  '31221023041', 5, 9, 7),
	('23HK1HP019',  '31221023799', 8, 7.5, 7.75),
	('23HK1HP019', '31221026151', 9, 8.5, 8.75),
	('23HK1HP020',  '31221023599', 8, 9, 8.5),
	('23HK1HP020',  '31221024331', 10, 9, 9.5),
	('23HK1HP021',  '31221020297', 6, 7.5, 6.75),
	('23HK1HP021', '31221022250', 10, 8.5, 9.25),
	('23HK1HP022',  '31221023518', 6, 8, 7),
	('23HK1HP022', '31221024490', 10, 8, 9),
	('23HK1HP023',  '31221022891', 9, 9, 9),
	('23HK1HP023','31221024524', 10, 8, 9),
	('23HK1HP024', '31221020169', 7, 7.5, 7.25),
	('23HK1HP024', '31221025962', 5, 8, 6.5),
	('23HK1HP025', '31221026937', 5, 8.5, 6.75),
	('23HK1HP025', '31221026956', 7, 8.5, 7.75),
	('23HK1HP026',  '31221020333', 7, 9, 8),
	('23HK1HP026', '31221025492', 5, 5.5, 5.25),
	('23HK1HP027',  '31221021203', 8, 8.5, 8.25),
	('23HK1HP027', '31221025433', 5, 5.5, 5.25),
	('23HK1HP028', '31221020838', 6, 8.5, 7.25),
	('23HK1HP028', '31221026841', 9, 7.5, 8.25),
	('23HK1HP029',  '31221021013', 8, 7.5, 7.75),
	('23HK1HP029',  '31221026285', 6, 8, 7),
	('23HK1HP030', '31221020168', 10, 8, 9),
	('23HK1HP030', '31221023090', 7, 9, 8),
	('23HK1HP031', '31221023844', 8, 8.5, 8.25),
	('23HK1HP031',  '31221025995', 9, 8, 8.5),
	('23HK1HP032',  '31221020960', 7, 8, 7.5),
	('23HK1HP032',  '31221023003', 5, 9, 7),
	('23HK1HP033', '31221020838', 9, 8.5, 8.75),
	('23HK1HP033',  '31221024725', 8, 8, 8),
	('23HK2HP001', '31231021072', 9, 9, 9),
	('23HK2HP001', '31231024747', 7, 7.5, 7.25),
	('23HK2HP001',  '31231020631', 10, 8.5, 9.25),
	('23HK2HP001', '31231023789', 7, 9, 8),
	('23HK2HP002',  '31231025054', 6, 9, 7.5),
	('23HK2HP002', '31231024213', 5, 7.5, 6.25),
	('23HK2HP002',  '31231022339', 10, 8.5, 9.25),
	('23HK2HP002', '31231022248', 9, 8, 8.5),
	('23HK2HP003', '31231024483', 10, 8, 9),
	('23HK2HP003',  '31231022999', 5, 9, 7),
	('23HK2HP003',  '31231023520', 10, 8, 9),
	('23HK2HP003', '31231023646', 5, 7.5, 6.25),
	('23HK2HP003', '31231026919', 10, 10, 10),
	('23HK2HP004', '31231023738', 9, 8, 8.5),
	('23HK2HP004', '31231026873', 10, 8.5, 9.25),
	('23HK2HP004', '31231020016', 8, 7.5, 7.75),
	('23HK2HP004',  '31231021000', 8, 8.5, 8.25),
	('23HK2HP004',  '31231022358', 9, 9, 9),
	('23HK2HP004',  '31231021072', 8, 9, 8.5),
	('23HK2HP004', '31231024747', 6, 7.5, 6.75),
	('23HK2HP004',  '31231020631', 10, 8.5, 9.25),
	('23HK2HP005',  '31231023789', 7, 8, 7.5),
	('23HK2HP005', '31231025054', 8, 7.5, 7.75),
	('23HK2HP005', '31231024213', 9, 8.5, 8.75),
	('23HK2HP005',  '31231022339', 7, 7.5, 7.25),
	('23HK2HP005','31231022144', 5, 8.5, 6.75),
	('23HK2HP005', '31231022742', 9, 8, 8.5),
	('23HK2HP005',  '31231024509', 8, 7.5, 7.75),
	('23HK2HP005',  '31231024935', 7.5, 8.5, 8),
	('23HK2HP005',  '31231026369', 8, 8.5, 8.25),
	('23HK2HP005',  '31231024527', 8.5, 9, 8.75),
	('23HK2HP006',  '31231024361', 8.5, 7.5, 8),
	('23HK2HP006', '31231024553', 9, 8.5, 8.75),
	('23HK2HP006',  '31231026918', 5.5, 8, 6.75),
	('23HK2HP006', '31231026512', 8.5, 10, 9.25),
	('23HK2HP006',  '31231026711', 5.5, 10, 7.75),
	('23HK2HP006', '31231024060', 8.5, 10, 9.25),
	('23HK2HP007',  '31231022751', 7.5, 8, 7.75),
	('23HK2HP007',  '31231020136', 7.5, 8.5, 8),
	('23HK2HP007',  '31231025283', 8.5, 8.5, 8.5),
	('23HK2HP007', '31231022466', 7.5, 7.5, 7.5),
	('23HK2HP007',  '31221026101', 7.5, 7.5, 7.5),
	('23HK2HP007',  '31231020817', 8, 8, 8),
	('23HK2HP008',  '31231023107', 8, 8, 8),
	('23HK2HP008',  '31231025358', 9, 9, 9),
	('23HK2HP008', '31221023366', 8.5, 8.5, 8.5),
	('23HK2HP008',  '31231026847', 8.5, 8.5, 8.5),
	('23HK2HP008', '31231022314', 9, 9, 9),
	('23HK2HP008',  '31231025346', 5.5, 5.5, 5.5),
	('23HK2HP009',  '31231023073', 8.5, 8.5, 8.5),
	('23HK2HP009',  '31231020066', 5.5, 5.5, 5.5),
	('23HK2HP009',  '31231023277', 8.5, 8.5, 8.5),
	('23HK2HP009',  '31231022595', 7.5, 7.5, 7.5),
	('23HK2HP009',  '31231025974', 9, 9, 9),
	('23HK2HP010',  '31231022112', 8.5, 8.5, 8.5),
	('23HK2HP010', '31231021345', 7, 7.5, 7.25),
	('23HK2HP010', '31221020498', 8, 8.5, 8.25),
	('23HK2HP010',  '31221025237', 7.5, 10, 8.75),
	('23HK2HP010',  '31231023681', 8.5, 8, 8.25),
	('23HK2HP010',  '31221024795', 7, 7.5, 7.25),
	('23HK2HP010',  '31221026320', 8, 8.5, 8.25),
	('23HK2HP010',  '31221025112', 10, 10, 10),
	('23HK2HP011',  '31231024932', 6, 9, 7.5),
	('23HK2HP011',  '31221024486', 6, 9, 7.5),
	('23HK2HP011',  '31221020940', 8.5, 7.5, 8),
	('23HK2HP011', '31231026454', 7.5, 10, 8.75),
	('23HK2HP011',  '31231026736', 7.5, 10, 8.75),
	('23HK2HP011',  '31221026961', 8, 10, 9),
	('23HK2HP011',  '31231021989', 8, 10, 9),
	('23HK2HP012',  '31231025889', 9, 8.5, 8.75),
	('23HK2HP012','31231026256', 8.5, 9, 8.75),
	('23HK2HP012', '31231024729', 8.5, 9, 8.75),
	('23HK2HP012',  '31231026935', 9, 8.5, 8.75),
	('23HK2HP012',  '31231025212', 5.5, 8, 6.75),
	('23HK2HP012',  '31231026036', 8.5, 7.5, 8),
	('23HK2HP013', '31231026250', 5.5, 8.5, 7),
	('23HK2HP013', '31231024512', 8.5, 8.5, 8.5),
	('23HK2HP013', '31231024543', 7.5, 9, 8.25),
	('23HK2HP013',  '31231021997', 9, 9, 9),
	('23HK2HP014',  '31231025851', 8.5, 8.5, 8.5),
	('23HK2HP014','31231022775', 7, 9, 8),
	('23HK2HP014',  '31231023988', 8, 9, 8.5),
	('23HK2HP014',  '31231020136', 10, 8.5, 9.25),
	('23HK2HP015',  '31231025283', 10, 8, 9),
	('23HK2HP015',  '31231022466', 7, 8.5, 7.75),
	('23HK2HP016',  '31221026101', 8, 7.5, 7.75),
	('23HK2HP016',  '31231020817', 9, 8.5, 8.75),
	('23HK2HP016', '31231023107', 5, 9, 7),
	('23HK2HP016',  '31231023520', 7, 9, 8),
	('23HK2HP016',  '31231023646', 6, 8.5, 7.25),
	('23HK2HP016', '31231026919', 5, 9, 7),
	('23HK2HP016',  '31231023738', 7, 9, 8),
	('23HK2HP016', '31231026873', 6, 8.5, 7.25),
	('23HK2HP017', '31231020016', 7, 8, 7.5),
	('23HK2HP017','31231021000', 6, 8.5, 7.25),
	('23HK2HP017',  '31231022358', 10, 7.5, 8.75),
	('23HK2HP017',  '31231022144', 6, 7.5, 6.75),
	('23HK2HP017',  '31231022742', 6, 8.5, 7.25),
	('23HK2HP018',  '31231024509', 7, 7.5, 7.25),
	('23HK2HP018', '31231024935', 9, 8.5, 8.75),
	('23HK2HP019',  '31231024747', 7, 8.5, 7.75),
	('23HK2HP019' , '31231020631', 5, 8, 6.5),
	('23HK2HP020' , '31231023789', 8, 8.5, 8.25),
	('23HK2HP020',  '31231025054', 7, 8.5, 7.75),
	('23HK2HP021',  '31231024509', 8, 7.5, 7.75),
	('23HK2HP021',  '31231024935', 9, 9, 9);
